{
	"format_version": "1.8.0",
	"animations": {
		"evasion": {
			"animation_length": 1.44,
			"bones": {
				"body": {
					"rotation": {
						"0.0": {
							"vector": [0, 0, 0]
						},
						"0.08": {
							"vector": [0, -71.5, 0]
						},
						"0.36": {
							"vector": [-7.5, 78.52, 0]
						},
						"0.92": {
							"vector": [-10.64506, 287.441, -4.24578]
						},
						"1.16": {
							"vector": [0, 370, 0]
						},
						"1.44": {
							"vector": [0, 360, 0],
							"easing": "easeInSine"
						}
					},
					"position": {
						"0.0": {
							"vector": [0, 0, 0]
						},
						"0.36": {
							"vector": [-2, 2, 0]
						},
						"0.92": {
							"vector": [1, 0, 0]
						},
						"1.36": {
							"vector": [0, 0, 0]
						}
					},
					"scale": {
						"vector": [1, 1, 1]
					}
				},
				"head": {
					"rotation": {
						"0.0": {
							"vector": [0, 0, 0]
						},
						"0.12": {
							"vector": [-0.35925, 65.31894, -5.90469],
							"easing": "easeInSine"
						},
						"0.56": {
							"vector": [-25.73838, -66.55151, 32.95098],
							"easing": "easeInSine"
						},
						"1.08": {
							"vector": [-3.49226, 34.84748, -6.0963]
						},
						"1.28": {
							"vector": [6.78324, 8.11488, 0.34046]
						},
						"1.4": {
							"vector": [0, 0, 0]
						}
					}
				},
				"right_arm": {
					"rotation": {
						"0.0": {
							"vector": [0, 0, 0]
						},
						"0.08": {
							"vector": [-44.42457, -56.85811, 26.87461]
						},
						"0.32": {
							"vector": [99.81423, 70.36734, 142.94156]
						},
						"0.84": {
							"vector": [99.81423, 70.36734, 142.94156],
							"easing": "easeInSine"
						},
						"1.04": {
							"vector": [-18.74839, 24.62021, -15.54459],
							"easing": "easeInSine"
						},
						"1.24": {
							"vector": [-17.36142, 7.26533, -16.41786]
						},
						"1.4": {
							"vector": [0, 0, 0]
						}
					}
				},
				"left_arm": {
					"rotation": {
						"0.0": {
							"vector": [0, 0, 0]
						},
						"0.08": {
							"vector": [18.49878, -28.87909, -17.19212]
						},
						"0.32": {
							"vector": [-28.92372, 14.09054, 50.79875]
						},
						"0.92": {
							"vector": [-28.92372, 14.09054, 50.79875]
						},
						"1.2": {
							"vector": [14.37707, -3.74249, -13.19092],
							"easing": "easeInSine"
						},
						"1.4": {
							"vector": [0, 0, 0]
						}
					}
				},
				"right_leg": {
					"rotation": {
						"0.0": {
							"vector": [0, 0, 0]
						},
						"0.12": {
							"vector": [0, 0, 0]
						},
						"1.16": {
							"vector": [0, 0, 0]
						},
						"1.4": {
							"vector": [0, 0, 0]
						}
					}
				},
				"left_leg": {
					"rotation": {
						"0.0": {
							"vector": [0, 0, 0]
						},
						"0.12": {
							"vector": [12.5, 0, 0]
						},
						"0.36": {
							"vector": [-24.04005, -26.08056, -21.35388]
						},
						"1.04": {
							"vector": [-24.04005, -26.08056, -21.35388]
						},
						"1.4": {
							"vector": [0, 0, 0]
						}
					}
				}
			}
		}
	}
}