{
	"format_version": "1.8.0",
	"animations": {
		"idle": {
			"loop": true,
			"animation_length": 2,
			"bones": {
				"head": {
					"rotation": {
						"0.0": {
							"vector": [0, -1, 0]
						},
						"0.5": {
							"vector": [-1, 0, 0]
						},
						"1.0": {
							"vector": [0, 1, 0]
						},
						"1.5": {
							"vector": [1, 0, 0]
						},
						"2.0": {
							"vector": [0, -1, 0]
						}
					}
				},
				"sheath_right": {
					"rotation": {
						"0.0": {
							"vector": [0, 0, 0]
						},
						"1.0": {
							"vector": [0.5, -1, 0]
						},
						"2.0": {
							"vector": [0, 0, 0]
						}
					}
				},
				"sheath_left": {
					"rotation": {
						"0.0": {
							"vector": [0, 0, 0]
						},
						"1.0": {
							"vector": [0.5, 1, 0]
						},
						"2.0": {
							"vector": [0, 0, 0]
						}
					}
				}
			}
		},
		"walk": {
			"loop": true,
			"animation_length": 1,
			"bones": {
				"femurs_left1": {
					"rotation": {
						"0.0": {
							"vector": [0, 0, 0]
						},
						"0.5": {
							"vector": [22.81702, 34.00836, 0.37301]
						},
						"0.75": {
							"vector": [19.00475, 20.07808, 12.3579]
						},
						"1.0": {
							"vector": [0, 0, 0]
						}
					}
				},
				"leg": {
					"rotation": {
						"0.0": {
							"vector": [8.49878, 28.87909, 22.19212]
						},
						"0.5": {
							"vector": [0.24035, 22.84882, 27.335]
						},
						"0.6667": {
							"vector": [-5.39787, 25.68198, 2.52848]
						},
						"0.8333": {
							"vector": [0.81622, 24.38097, 23.16254]
						},
						"1.0": {
							"vector": [8.49878, 28.87909, 22.19212]
						}
					}
				},
				"femurs_left2": {
					"rotation": {
						"0.0": {
							"vector": [0, 0, 0]
						},
						"0.25": {
							"vector": [13.15544, -32.90571, 17.31288]
						},
						"0.5": {
							"vector": [24.88036, -22.9655, -3.62438]
						},
						"0.75": {
							"vector": [20.06917, 4.57953, 14.44122]
						},
						"1.0": {
							"vector": [0, 0, 0]
						}
					}
				},
				"leg2": {
					"rotation": {
						"0.5": {
							"vector": [0, 0, 0]
						},
						"0.75": {
							"vector": [0, -25, 0]
						},
						"0.875": {
							"vector": [0, -27.5, 0]
						},
						"1.0": {
							"vector": [0, 0, 0]
						}
					}
				},
				"femurs_left3": {
					"rotation": {
						"0.0": {
							"vector": [0, 0, 0]
						},
						"0.5": {
							"vector": [18.11672, 43.80544, 8.25866]
						},
						"0.625": {
							"vector": [24.14938, 24.82491, 30.31983]
						},
						"0.875": {
							"vector": [3.08314, -6.20805, 21.13458]
						},
						"1.0": {
							"vector": [0, 0, 0]
						}
					}
				},
				"leg3": {
					"rotation": {
						"0.0": {
							"vector": [0, 0, 0]
						},
						"0.25": {
							"vector": [0, 12.5, 0]
						},
						"0.5": {
							"vector": [0, 0, 0]
						},
						"0.75": {
							"vector": [0, 17.5, 0]
						},
						"1.0": {
							"vector": [0, 0, 0]
						}
					}
				},
				"femurs_right1": {
					"rotation": {
						"0.0": {
							"vector": [22.81702, -34.0084, 0.37301]
						},
						"0.25": {
							"vector": [19.00475, -20.0781, 12.3579]
						},
						"0.5": {
							"vector": [0, 0, 0]
						},
						"1.0": {
							"vector": [22.81702, -34.0084, 0.37301]
						}
					}
				},
				"femurs_right2": {
					"rotation": {
						"0.0": {
							"vector": [24.88036, 22.9655, -3.62438]
						},
						"0.25": {
							"vector": [20.06917, -4.5795, -14.4412]
						},
						"0.5": {
							"vector": [0, -25, 0]
						},
						"0.75": {
							"vector": [11.69888, 1.84826, -8.7834]
						},
						"1.0": {
							"vector": [24.88036, 22.9655, -3.62438]
						}
					}
				},
				"femurs_right3": {
					"rotation": {
						"0.0": {
							"vector": [18.11672, -43.8054, 8.25866]
						},
						"0.125": {
							"vector": [24.1494, -24.8249, -30.3198]
						},
						"0.375": {
							"vector": [3.0831, 6.2081, -21.1346]
						},
						"0.5": {
							"vector": [0, 0, 0]
						},
						"1.0": {
							"vector": [18.11672, -43.8054, 8.25866]
						}
					}
				},
				"leg6": {
					"rotation": {
						"0.0": {
							"vector": [0, -17.5, 0]
						},
						"0.25": {
							"vector": [0, -17.5, 0]
						},
						"0.5": {
							"vector": [0, 0, 0]
						},
						"0.75": {
							"vector": [0, -12.5, 0]
						},
						"1.0": {
							"vector": [0, -17.5, 0]
						}
					}
				},
				"head": {
					"rotation": {
						"0.0": {
							"vector": [0, 0, 0]
						},
						"0.5": {
							"vector": [-2.5, 0, 0]
						},
						"1.0": {
							"vector": [0, 0, 0]
						}
					}
				},
				"body_main": {
					"rotation": {
						"0.0": {
							"vector": [0, 0, 0]
						},
						"0.25": {
							"vector": [1, 0, 0]
						},
						"0.75": {
							"vector": [-1, 0, 0]
						},
						"1.0": {
							"vector": [0, 0, 0]
						}
					}
				},
				"sheath_right": {
					"rotation": {
						"0.0": {
							"vector": [0, 0, 0]
						},
						"0.5": {
							"vector": [0.5, -1, 0]
						},
						"1.0": {
							"vector": [0, 0, 0]
						}
					}
				},
				"sheath_left": {
					"rotation": {
						"0.0": {
							"vector": [0, 0, 0]
						},
						"0.5": {
							"vector": [0.5, 1, 0]
						},
						"1.0": {
							"vector": [0, 0, 0]
						}
					}
				},
				"leg4": {
					"rotation": {
						"0.0": {
							"vector": [15.59412, -30.81336, -35.25382]
						},
						"0.1667": {
							"vector": [-10.92036, -33.37908, 13.41637]
						},
						"0.25": {
							"vector": [-13.56841, -31.9202, 23.11548]
						},
						"0.3333": {
							"vector": [-9.9947, -32.54469, 21.22368]
						},
						"0.5": {
							"vector": [7.16289, -36.72554, -15.42267]
						},
						"1.0": {
							"vector": [15.59412, -30.81336, -35.25382]
						}
					}
				},
				"leg5": {
					"rotation": {
						"0.0": {
							"vector": [0, 0, 0]
						},
						"0.25": {
							"vector": [0, 27.5, 0]
						},
						"0.5": {
							"vector": [0, -10, 0]
						},
						"0.75": {
							"vector": [0, -12.5, 0]
						},
						"1.0": {
							"vector": [0, 0, 0]
						}
					}
				}
			}
		},
		"attack": {
			"animation_length": 0.75,
			"bones": {
				"body": {
					"position": {
						"0.25": {
							"vector": [0, 0, 0]
						},
						"0.3333": {
							"vector": [0, 0, -2]
						},
						"0.5": {
							"vector": [0, 0, 0]
						}
					}
				},
				"head": {
					"rotation": {
						"0.0": {
							"vector": [0, 0, 0]
						},
						"0.0417": {
							"vector": [-10, 0, 0]
						},
						"0.2083": {
							"vector": [-17.5, 0, 0]
						},
						"0.25": {
							"vector": [15, 0, 0]
						},
						"0.3333": {
							"vector": [15, 0, 0]
						},
						"0.5": {
							"vector": [0, 0, 0]
						}
					}
				},
				"femurs_left1": {
					"rotation": {
						"0.25": {
							"vector": [0, 0, 0]
						},
						"0.3333": {
							"vector": [-24.22874, 32.44907, -15.0346]
						},
						"0.5": {
							"vector": [0, 0, 0]
						}
					}
				},
				"femurs_left2": {
					"rotation": {
						"0.25": {
							"vector": [0, 0, 0]
						},
						"0.3333": {
							"vector": [-21.80681, 34.0337, -4.5358]
						},
						"0.5": {
							"vector": [0, 0, 0]
						}
					}
				},
				"femurs_left3": {
					"rotation": {
						"0.25": {
							"vector": [0, 0, 0]
						},
						"0.3333": {
							"vector": [46.0147, 19.29634, -15.0436]
						},
						"0.5": {
							"vector": [0, 0, 0]
						}
					}
				},
				"leg3": {
					"rotation": {
						"0.25": {
							"vector": [0, 0, 0]
						},
						"0.3333": {
							"vector": [4.1071, 32.086, -2.28145]
						},
						"0.5": {
							"vector": [0, 0, 0]
						}
					}
				},
				"sheath_left": {
					"rotation": {
						"0.0": {
							"vector": [0, 0, 0]
						},
						"0.0417": {
							"vector": [2.52154, -7.49282, -0.32902]
						},
						"0.0833": {
							"vector": [0, 0, 0]
						},
						"0.125": {
							"vector": [2.52154, -7.49282, -0.32902]
						},
						"0.1667": {
							"vector": [0, 0, 0]
						},