{
	"format_version": "1.8.0",
	"animations": {
		"idle": {
			"loop": true,
			"animation_length": 2,
			"bones": {
				"A0": {
					"rotation": {
						"0.0": {
							"vector": [-15.86781, -7.32123, -102.60443]
						},
						"0.44": {
							"vector": [-32.87209, 72.15403, -224.84345]
						},
						"0.96": {
							"vector": [-149.54908, -25.73634, -179.00028]
						},
						"1.48": {
							"vector": [-10.20037, -51.26959, -325.38157]
						},
						"2.0": {
							"vector": [-232.89669, 21.35231, -229.45416]
						}
					}
				}
			}
		},
		"fly": {
			"loop": true,
			"animation_length": 2,
			"bones": {
				"A0": {
					"rotation": {
						"0.0": {
							"vector": [-15.86781, -7.32123, -102.60443]
						},
						"0.44": {
							"vector": [-32.87209, 72.15403, -224.84345]
						},
						"0.96": {
							"vector": [-149.54908, -25.73634, -179.00028]
						},
						"1.48": {
							"vector": [-10.20037, -51.26959, -325.38157]
						},
						"2.0": {
							"vector": [-232.89669, 21.35231, -229.45416]
						}
					}
				}
			}
		},
		"walk": {
			"loop": true,
			"animation_length": 2,
			"bones": {
				"A0": {
					"rotation": {
						"0.0": {
							"vector": [-15.86781, -7.32123, -102.60443]
						},
						"0.44": {
							"vector": [-32.87209, 72.15403, -224.84345]
						},
						"0.96": {
							"vector": [-149.54908, -25.73634, -179.00028]
						},
						"1.48": {
							"vector": [-10.20037, -51.26959, -325.38157]
						},
						"2.0": {
							"vector": [-232.89669, 21.35231, -229.45416]
						}
					}
				}
			}
		},
		"death": {
			"animation_length": 1,
			"bones": {
				"A0": {
					"rotation": {
						"0.76": {
							"vector": [0, 0, 0]
						},
						"0.88": {
							"vector": [223.46026, -77.23087, -1191.36526]
						},
						"1.0": {
							"vector": [0, 0, 0]
						}
					},
					"scale": {
						"0.0": {
							"vector": [1, 1, 1]
						},
						"0.08": {
							"vector": [0.2, 0.2, 0.2]
						},
						"0.76": {
							"vector": [0.2, 0.2, 0.2]
						},
						"0.88": {
							"vector": [4, 4, 4]
						},
						"1.0": {
							"vector": [0.2, 0.2, 0.2]
						}
					}
				},
				"B": {
					"scale": {
						"0.0": {
							"vector": [1, 1, 1]
						},
						"0.8": {
							"vector": [6, 2, 6]
						},
						"1.0": {
							"vector": [1, 1, 1]
						}
					}
				}
			}
		}
	}
}