{
	"format_version": "1.8.0",
	"animations": {
		"0": {
			"loop": true
		},
		"1": {
			"animation_length": 1.2,
			"bones": {
				"0": {
					"rotation": {
						"0.0": {
							"vector": [0, 0, 0]
						},
						"0.12": {
							"vector": [0, 0, -75]
						},
						"0.24": {
							"vector": [0, 0, 38.75]
						},
						"1.2": {
							"vector": [0, 0, 0]
						}
					}
				},
				"2": {
					"rotation": {
						"0.0": {
							"vector": [0, 0, 0]
						},
						"0.12": {
							"vector": [14.25217, -15.31448, 54.27215]
						},
						"0.24": {
							"vector": [0, 0, -14.11]
						},
						"1.2": {
							"vector": [0, 0, 0]
						}
					}
				},
				"3": {
					"rotation": {
						"0.0": {
							"vector": [0, 0, 0]
						},
						"0.12": {
							"vector": [80.99856, 32.19932, -106.35553]
						},
						"0.24": {
							"vector": [-50.97355, -6.06413, 67.76737]
						},
						"1.2": {
							"vector": [0, 0, 0]
						}
					}
				},
				"A": {
					"rotation": {
						"0.0": {
							"vector": [0, 0, 0]
						},
						"0.04": {
							"vector": [0, -15, -2.5]
						},
						"0.08": {
							"vector": [7.5, 0, 2.41]
						},
						"0.12": {
							"vector": [-2.85683, 32.46772, 0.78548]
						},
						"0.16": {
							"vector": [-3.19616, 9.3775, -3.24359]
						},
						"1.2": {
							"vector": [0, 0, 0]
						}
					},
					"position": {
						"0.0": {
							"vector": [0, 0, 0]
						},
						"0.16": {
							"vector": [0, 22, 0]
						},
						"1.2": {
							"vector": [0, 0, 0]
						}
					},
					"scale": {
						"0.0": {
							"vector": [1, 1, 1]
						},
						"0.12": {
							"vector": [1, 0.9, 1]
						},
						"0.2": {
							"vector": [1, 1.1171, 1]
						},
						"0.24": {
							"vector": [1, 1, 1]
						},
						"1.2": {
							"vector": [1, 1, 1]
						}
					}
				}
			}
		}
	}
}