{
	"format_version": "1.8.0",
	"animations": {
		"idle": {
			"loop": true,
			"animation_length": 2.6875,
			"bones": {
				"head": {
					"rotation": {
						"0.0": [0, 0, 0],
						"1.1875": [4, 0, 0],
						"2.6875": [0, 0, 0]
					},
					"position": {
						"0.0": [0, 0, 0],
						"1.1875": [0, 2, 0],
						"2.6875": [0, 0, 0]
					},
					"scale": {
						"0.0": [1, 1, 1],
						"1.1875": [1.05, 1.05, 1.05],
						"2.6875": [1, 1, 1]
					}
				},
				"left_arm": {
					"rotation": {
						"0.0": [0, 0, 0],
						"1.3125": [-5, 0, -10],
						"2.6875": [0, 0, 0]
					},
					"position": {
						"0.0": [0, 0, 0],
						"1.3125": [0, 0, 0],
						"2.6875": [0, 0, 0]
					},
					"scale": {
						"0.0": [1, 1, 1],
						"2.6875": [1, 1, 1]
					}
				},
				"right_arm": {
					"rotation": {
						"0.0": [0, 0, 0],
						"1.3125": [-5, 0, 10],
						"2.6875": [0, 0, 0]
					},
					"position": {
						"0.0": [0, 0, 0],
						"1.3125": [0, 0, 0],
						"2.6875": [0, 0, 0]
					},
					"scale": {
						"0.0": [1, 1, 1],
						"2.6875": [1, 1, 1]
					}
				}
			}
		},
		"walk": {
			"loop": true,
			"animation_length": 1.75,
			"bones": {
				"head": {
					"rotation": {
						"0.0": [13, 0, 0],
						"0.3333": [18.68336, 1.25659, -4.32134],
						"0.8333": [32.5, 0, 0],
						"1.3333": [9.10132, -2.632, 9.12951],
						"1.75": [13, 0, 0]
					},
					"position": {
						"0.0": [0, 0, 0],
						"0.3333": [-1, 2.5, 0],
						"0.8333": [0, 0, 0],
						"1.3333": [1, 2.5, 0],
						"1.75": [0, 0, 0]
					}
				},
				"left_arm": {
					"rotation": {
						"0.0": [18.57461, 11.93329, -13.57493],
						"0.9167": [39.57461, 11.93329, -13.57493],
						"1.75": [18.57461, 11.93329, -13.57493]
					},
					"position": {
						"0.0": [0, 0, 0],
						"0.9167": [0.20718, 0.96966, 1.72133],
						"1.75": [0, 0, 0]
					}
				},
				"right_arm": {
					"rotation": {
						"0.0": [8.96744, -1.40791, 22.64938],
						"0.9167": [25.96744, -1.40791, 22.64938],
						"1.75": [8.96744, -1.40791, 22.64938]
					},
					"position": {
						"0.0": [0, 0, 0],
						"0.9167": [-0.1933, 0.94378, 1.50008],
						"1.75": [0, 0, 0]
					}
				}
			}
		},
		"attack": {
			"animation_length": 0.875,
			"bones": {
				"left_arm": {
					"rotation": {
						"0.0": [-120, 0, 0],
						"0.1667": [-98, 0, 0],
						"0.375": [-98, 0, 0],
						"0.5833": [-120, 0, 0],
						"0.8333": [0, 0, 0]
					},
					"scale": {
						"0.0": [1, 1, 1],
						"0.1667": [1, 1.1, 1],
						"0.6667": [1, 1.1, 1],
						"0.8333": [1, 1, 1]
					}
				},
				"right_arm": {
					"rotation": {
						"0.0": [-114, 0, 0],
						"0.1667": [-98, 0, 0],
						"0.375": [-98, 0, 0],
						"0.5417": [-114, 0, 0],
						"0.8333": [0, 0, 0]
					},
					"scale": {
						"0.0": [1, 1, 1],
						"0.1667": [1, 1.1, 1],
						"0.6667": [1, 1.1, 1],
						"0.8333": [1, 1, 1]
					}
				}
			}
		}
	},
	"geckolib_format_version": 2
}