{
	"format_version": "1.8.0",
	"animations": {
		"idle": {
			"loop": true,
			"animation_length": 5,
			"bones": {
				"all": {
					"position": {
						"0.0": {
							"vector": [0, 2.5, 0]
						},
						"2.5417": {
							"vector": [0, 0, 0]
						},
						"5.0": {
							"vector": [0, 2.5, 0]
						}
					}
				},
				"head": {
					"rotation": {
						"0.1667": {
							"vector": [1.99894, 0.12186, -0.99255]
						},
						"2.4583": {
							"vector": [13.90996, -0.42296, -0.8375]
						},
						"4.9583": {
							"vector": [1.99894, 0.12186, -0.99255]
						}
					},
					"position": {
						"0.1667": {
							"vector": [0, -0.1, 0]
						},
						"2.4583": {
							"vector": [0, -0.32, 0]
						},
						"4.9583": {
							"vector": [0, -0.1, 0]
						}
					}
				},
				"rightarm": {
					"rotation": {
						"0.0": {
							"vector": [0, 0, 0]
						},
						"2.5417": {
							"vector": [13.00194, -1.69605, -1.05996]
						},
						"5.0": {
							"vector": [0, 0, 0]
						}
					},
					"position": {
						"0.0": {
							"vector": [0, -0.5, 0]
						},
						"2.5833": {
							"vector": [0, -0.9, 0]
						},
						"5.0": {
							"vector": [0, -0.5, 0]
						}
					}
				},
				"chain_right_arm": {
					"rotation": {
						"0.0": {
							"vector": [6.00817, 2.98355, 0.31387]
						},
						"2.4583": {
							"vector": [-13.01723, -2.92304, 0.67544]
						},
						"4.9583": {
							"vector": [6.00817, 2.98355, 0.31387]
						}
					},
					"position": {
						"0.0": {
							"vector": [0, 0, 0]
						},
						"2.5": {
							"vector": [0, 0, 0]
						},
						"4.9583": {
							"vector": [0, 0, 0]
						}
					}
				},
				"leftarm": {
					"rotation": {
						"0.0": {
							"vector": [0, 0, 0]
						},
						"2.5417": {
							"vector": [20.25701, 1.93409, 0.5095]
						},
						"4.9583": {
							"vector": [0, 0, 0]
						}
					},
					"position": {
						"0.0": {
							"vector": [0, -0.6, 0]
						},
						"2.5833": {
							"vector": [0, -0.61, 0]
						},
						"4.9583": {
							"vector": [0, -0.6, 0]
						}
					}
				},
				"chain_left_arm": {
					"rotation": {
						"0.0": {
							"vector": [5.58477, -2.94076, 0.59349]
						},
						"2.4583": {
							"vector": [-19.21245, 3.90118, 0.42073]
						},
						"4.9583": {
							"vector": [5.58477, -2.94076, 0.59349]
						}
					},
					"position": {
						"0.0": {
							"vector": [0, 0, 0]
						},
						"2.4167": {
							"vector": [0, 0, 0]
						},
						"4.9583": {
							"vector": [0, 0, 0]
						}
					}
				},
				"body": {
					"rotation": {
						"0.0833": {
							"vector": [0, 0, -1]
						},
						"2.5": {
							"vector": [0, 0, -0.18]
						},
						"4.9583": {
							"vector": [0, 0, -1]
						}
					},
					"position": {
						"0.0833": {
							"vector": [0, 0, 0]
						},
						"2.5833": {
							"vector": [0, 0.3, 0]
						},
						"4.9583": {
							"vector": [0, 0, 0]
						}
					},
					"scale": {
						"0.0": {
							"vector": [1.05, 1, 1.05]
						},
						"2.5": {
							"vector": [1, 1, 1]
						},
						"4.9583": {
							"vector": [1.05, 1, 1.05]
						}
					}
				}
			}
		},
		"say": {
			"animation_length": 4,
			"bones": {
				"all": {
					"position": {
						"0.0": {
							"vector": [0, 0, 0]
						},
						"1.92": {
							"vector": [0, 1, 0]
						},
						"4.0": {
							"vector": [0, 0, 0]
						}
					}
				},
				"head": {
					"rotation": {
						"0.0": {
							"vector": [0, 0, 0]
						},
						"0.88": {
							"vector": [-25, 0, 0]
						},
						"2.08": {
							"vector": [-20, 0, 0]
						},
						"2.24": {
							"vector": [-12.5, 0, 0]
						},
						"2.4": {
							"vector": [-20, 0, 0]
						},
						"2.56": {
							"vector": [-12.5, 0, 0]
						},
						"2.72": {
							"vector": [-20, 0, 0]
						},
						"4.0": {
							"vector": [0, 0, 0]
						}
					}
				},
				"rightarm": {
					"rotation": {
						"0.0": {
							"vector": [0, 0, 0]
						},
						"0.96": {
							"vector": [-24.91138, 4.72653, 1.63379]
						},
						"1.12": {
							"vector": [-19.91138, 4.72653, 1.63379]
						},
						"1.32": {
							"vector": [-24.91138, 4.72653, 1.63379]
						},
						"1.48": {
							"vector": [-19.91138, 4.72653, 1.63379]
						},
						"1.64": {
							"vector": [-24.91138, 4.72653, 1.63379]
						},
						"4.0": {
							"vector": [0, 0, 0]
						}
					}
				},
				"chain_right_arm": {
					"rotation": {
						"0.0": {
							"vector": [0, 0, 0]
						},
						"0.96": {
							"vector": [17.5, 0, 0]
						},
						"1.64": {
							"vector": [17.5, 0, 0]
						},
						"4.0": {
							"vector": [0, 0, 0]
						}
					}
				},
				"leftarm": {
					"rotation": {
						"0.0": {
							"vector": [0, 0, 0]
						},
						"1.84": {
							"vector": [-7.5, 0, 0]
						},
						"4.0": {
							"vector": [0, 0, 0]
						}
					}
				}
			}
		}
	},
	"geckolib_format_version": 2
}