{
	"format_version": "1.8.0",
	"animations": {
		"idle": {
			"loop": true,
			"animation_length": 8.32,
			"bones": {
				"head": {
					"rotation": {
						"0.0": [0, 22.5, 0],
						"2.08": [0, 2.5, 0],
						"4.16": [0, -27.5, 0],
						"6.24": [0, 5.38, 0],
						"8.32": [0, 22.5, 0]
					},
					"position": {
						"0.0": [0, 0, -3],
						"2.08": [0, 0, 0.3],
						"4.16": [0, 0, 3.5],
						"6.24": [0, 0, 0.5],
						"8.32": [0, 0, -3]
					}
				},
				"waist": {
					"position": {
						"2.08": [-0.9, -2.8, -1],
						"4.16": [-0.9, -4.8, -1],
						"6.24": [-0.9, -3.2, -1]
					},
					"scale": {
						"0.0": [1, 1.17, 0.92],
						"2.12": [1, 1.17, 1],
						"4.16": [1, 1.26, 1],
						"6.24": [1, 1.17, 1],
						"8.32": [1, 1.17, 0.92]
					}
				},
				"Leftjoint": {
					"rotation": {
						"0.0": [0, 0, 0],
						"2.08": [0, 0, 0]
					}
				},
				"chin": {
					"rotation": {
						"0.0": [0, 0, 0],
						"2.08": [2.53852, -9.99038, -0.44067],
						"4.16": [14.9873, -27.70397, -35.93014],
						"6.28": [-1.79691, -2.70631, 0.25704],
						"8.32": [0, 0, 0]
					},
					"position": {
						"0.0": [4, 0, -2],
						"2.08": [4, 0, 0],
						"4.16": [-3, 1, -1.67],
						"6.28": [2.04, 0, 0.14],
						"8.32": [4, 0, -2]
					}
				},
				"Leftjoint_1": {
					"rotation": {
						"2.08": [0, 0, 15],
						"4.16": [0, -30, 15],
						"6.24": [0, -20, 15],
						"8.32": [0, -10, 15]
					},
					"position": {
						"0.0": [-2, 0.6, -1.3],
						"2.08": [-1.5, 1, 0],
						"4.16": [3.1, 0.4, -1.4],
						"6.24": [1.5, 0.9, -1.1],
						"8.32": [-2, 0.6, -0.9]
					}
				},
				"leftarm": {
					"rotation": {
						"0.0": [0, 0, 0],
						"2.48": [0, 0, -15],
						"6.16": [0, 0, 21.95],
						"8.32": [0, 0, 0]
					}
				}
			}
		},
		"walk": {
			"loop": true,
			"animation_length": 1.68,
			"bones": {
				"Leftleg": {
					"rotation": {
						"0.0": {
							"vector": [0, 0, 0]
						},
						"0.36": {
							"vector": [0, 0, -25]
						},
						"0.64": {
							"vector": [0, 0, -30.97]
						},
						"0.76": {
							"vector": [0, 0, -26.05]
						},
						"1.28": {
							"vector": [0, 0, 7.68]
						},
						"1.68": {
							"vector": [0, 0, 0]
						}
					},
					"position": {
						"0.0": {
							"vector": [0, 0, 0]
						},
						"0.36": {
							"vector": [7, 21, 0]
						},
						"0.64": {
							"vector": [8.1, 21.04, 0]
						},
						"0.76": {
							"vector": [8.19, 14.58, 0]
						},
						"1.28": {
							"vector": [-5.15, -2.62, 0]
						},
						"1.68": {
							"vector": [0, 0, 0]
						}
					},
					"scale": {
						"0.0": {
							"vector": [1, 0.9, 1]
						},
						"0.4": {
							"vector": [1, 0.9, 1]
						},
						"0.88": {
							"vector": [1, 1, 1]
						},
						"1.68": {
							"vector": [1, 0.9, 1]
						}
					}
				},
				"Right": {
					"rotation": {
						"0.0": {
							"vector": [0, 0, 0]
						},
						"0.44": {
							"vector": [0, 0, 27.5]
						},
						"0.84": {
							"vector": [0, 0, 12.74]
						},
						"1.24": {
							"vector": [0, 0, -15.22]
						},
						"1.4": {
							"vector": [0, 0, -20.22]
						},
						"1.68": {
							"vector": [0, 0, 0]
						}
					},
					"position": {
						"0.0": {
							"vector": [0, 0, 0]
						},
						"0.08": {
							"vector": [-3.64, -4.43, 0]
						},
						"0.44": {
							"vector": [-17, -16, 0]
						},
						"0.84": {
							"vector": [-7.97, -11.32, 0]
						},
						"1.24": {
							"vector": [7.45, 8.53, 0]
						},
						"1.4": {
							"vector": [8.45, 11.53, 0]
						},
						"1.68": {
							"vector": [0, 0, 0]
						}
					},
					"scale": {
						"0.0": {
							"vector": [1, 1, 1]
						},
						"0.44": {
							"vector": [1, 1.1, 1]
						},
						"1.68": {
							"vector": [1, 1, 1]
						}
					}
				},
				"rightarm": {
					"rotation": {
						"0.0": {
							"vector": [0, 0, 0]
						},
						"0.64": {
							"vector": [-5, 0, -27.5]
						},
						"0.96": {
							"vector": [0, 0, 5.96]
						},
						"1.4": {
							"vector": [2.5, 0, 24.82]
						},
						"1.68": {
							"vector": [0, 0, 0]
						}
					},
					"position": {
						"0.0": {
							"vector": [0, 0, 0]
						},
						"0.64": {
							"vector": [0, -1, 0]
						},
						"1.68": {
							"vector": [0, 0, 0]
						}
					},
					"scale": {
						"0.0": {
							"vector": [1, 1, 1]
						},
						"1.68": {
							"vector": [1, 1, 1]
						}
					}
				},
				"body": {
					"rotation": {
						"0.0": {
							"vector": [0, 0, 0]
						},
						"1.68": {
							"vector": [0, 0, 0]
						}
					},
					"position": {
						"0.0": {
							"vector": [0, 0, 0]
						},
						"1.68": {
							"vector": [0, 0, 0]
						}
					},
					"scale": {
						"0.0": {
							"vector": [1, 1, 1]
						},
						"0.8": {
							"vector": [1, 0.9, 1]
						},
						"1.68": {
							"vector": [1, 1, 1]
						}
					}
				},
				"waist": {
					"rotation": {
						"0.0": {
							"vector": [0, 0, 0]
						},
						"0.84": {
							"vector": [0, 0, -5]
						},
						"1.4": {
							"vector": [0, 0, -5.12]
						},
						"1.68": {
							"vector": [0, 0, 0]
						}
					},
					"position": {
						"0.0": {
							"vector": [0, 0, 0]
						},
						"0.84": {
							"vector": [5, 2, 0]
						},
						"1.4": {
							"vector": [4.62, 2.05, 0]
						},
						"1.68": {
							"vector": [0, 0, 0]
						}
					},
					"scale": {
						"0.0": {
							"vector": [1, 1, 1]
						},
						"0.84": {
							"vector": [1.1, 1.1, 1]
						},
						"1.68": {
							"vector": [1, 1, 1]
						}
					}
				},
				"head": {
					"rotation": {
						"0.0": {
							"vector": [0, 0, 0]
						},
						"0.84": {
							"vector": [0, 0, 5]
						},
						"1.68": {
							"vector": [0, 0, 0]
						}
					},
					"position": {
						"0.0": {
							"vector": [0, 0, 0]
						},
						"0.84": {
							"vector": [0, -3, 0]
						},
						"1.68": {
							"vector": [0, 0, 0]
						}
					},
					"scale": {
						"0.0": {
							"vector": [1, 1, 1]
						},
						"1.68": {
							"vector": [1, 1, 1]
						}
					}
				},
				"chin": {
					"rotation": {
						"0.0": {
							"vector": [0, 0, 0]
						},
						"0.52": {
							"vector": [-1.91757, 4.61854, -22.57734]
						},
						"0.96": {
							"vector": [-0.11077, 0.77238, 5.92991]
						},
						"1.08": {
							"vector": [0.38178, 2.90524, 13.69845]
						},
						"1.68": {
							"vector": [0, 0, 0]
						}
					},
					"position": {
						"0.0": {
							"vector": [0, 0, 0]
						},
						"0.52": {
							"vector": [3, -1, 1]
						},
						"1.68": {
							"vector": [0, 0, 0]
						}
					},
					"scale": {
						"0.0": {
							"vector": [1, 1, 1]
						},
						"0.52": {
							"vector": [1.1, 1.2, 1]
						},
						"1.68": {
							"vector": [1, 1, 1]
						}
					}
				},
				"leftarm": {
					"rotation": {
						"0.0": {
							"vector": [0, 0, 0]
						},
						"0.52": {
							"vector": [9.85108, -1.72794, 49.85108]
						},
						"1.2": {
							"vector": [3.96489, 3.32056, -19.19503]
						},
						"1.68": {
							"vector": [0, 0, 0]
						}
					},
					"position": {
						"0.0": {
							"vector": [0, 0, 0]
						},
						"1.68": {
							"vector": [0, 0, 0]
						}
					},
					"scale": {
						"0.0": {
							"vector": [1, 1, 1]
						},
						"0.52": {
							"vector": [1, 1.1, 1]
						},
						"1.2": {
							"vector": [1, 1.0034, 1.1]
						},
						"1.68": {
							"vector": [1, 1, 1]
						}
					}
				}
			}
		},
		"attack": {
			"animation_length": 0.2,
			"bones": {
				"body": {
					"rotation": {
						"0.0": [0, 0, 0],
						"0.08": [0, 0, 5],
						"0.2": [0, 0, 0]
					},
					"position": {
						"0.0": [0, 0, 0],
						"0.08": [1, 0, 0],
						"0.2": [0, 0, 0]
					}
				},
				"waist": {
					"rotation": {
						"0.0": [0, 0, 0],
						"0.08": [0, 0, -15],
						"0.2": [0, 0, 0]
					},
					"position": {
						"0.0": [0, 0, 0],
						"0.08": [12, 13, 0],
						"0.2": [0, 0, 0]
					}
				},